primary_label,scientific_name,common_name_en,common_name_zh,class_name,wiki_url_en,wiki_url_zh,source_url_primary,source_url_wikipedia_en,source_url_wikipedia_zh,curation_status,curation_note
1161364,Guyalna cuta,Guyalna cuta,暫無標準中文名（Guyalna cuta）,Insecta,https://en.wikipedia.org/wiki/Guyalna,,https://www.inaturalist.org/taxa/1161364,https://en.wikipedia.org/wiki/Guyalna,,needs_manual_review,english_name filled/corrected; no verified standard Chinese common name in supplied/wiki-derived sources; English Wikipedia species page not found; genus page used
116570,Caiman yacare,Yacare Caiman,巴拉圭凱門鱷,Reptilia,https://en.wikipedia.org/wiki/Caiman_yacare,https://zh.wikipedia.org/wiki/%E5%B7%B4%E6%8B%89%E5%9C%AD%E5%87%B1%E9%96%80%E9%B1%B7,https://www.inaturalist.org/taxa/116570,https://en.wikipedia.org/wiki/Caiman_yacare,https://zh.wikipedia.org/wiki/%E5%B7%B4%E6%8B%89%E5%9C%AD%E5%87%B1%E9%96%80%E9%B1%B7,curated,preserved from supplied data with URL/domain normalization
1176823,Leptodactylus luctator,Wrestler Frog,暫無標準中文名（Leptodactylus luctator）,Amphibia,https://en.wikipedia.org/wiki/Leptodactylus_luctator,,https://www.inaturalist.org/taxa/1176823,https://en.wikipedia.org/wiki/Leptodactylus_luctator,,needs_manual_review,no verified standard Chinese common name in supplied/wiki-derived sources
1491113,Adenomera guarani,Guaraní Leaf-litter Frog,暫無標準中文名（Adenomera guarani）,Amphibia,https://en.wikipedia.org/wiki/Adenomera_guarani,,https://www.inaturalist.org/taxa/1491113,https://en.wikipedia.org/wiki/Adenomera_guarani,,needs_manual_review,english_name filled/corrected; no verified standard Chinese common name in supplied/wiki-derived sources
1595929,Pseudis limellum,Uruguay Harlequin Frog,暫無標準中文名（Pseudis limellum）,Amphibia,https://en.wikipedia.org/wiki/Pseudis_limellum,,https://www.inaturalist.org/taxa/1595929,https://en.wikipedia.org/wiki/Pseudis_limellum,,needs_manual_review,english_name filled/corrected; no verified standard Chinese common name in supplied/wiki-derived sources
209233,Equus caballus,Domestic Horse,馬,Mammalia,https://en.wikipedia.org/wiki/Equus_caballus,https://zh.wikipedia.org/wiki/%E9%A6%AC,https://www.inaturalist.org/taxa/209233,https://en.wikipedia.org/wiki/Equus_caballus,https://zh.wikipedia.org/wiki/%E9%A6%AC,curated,preserved from supplied data with URL/domain normalization
22930,Leptodactylus syphax,Basin White-lipped Frog,暫無標準中文名（Leptodactylus syphax）,Amphibia,https://en.wikipedia.org/wiki/Leptodactylus_syphax,,https://www.inaturalist.org/taxa/22930,https://en.wikipedia.org/wiki/Leptodactylus_syphax,,needs_manual_review,no verified standard Chinese common name in supplied/wiki-derived sources
22956,Leptodactylus mystacinus,Mustached Frog,暫無標準中文名（Leptodactylus mystacinus）,Amphibia,https://en.wikipedia.org/wiki/Leptodactylus_mystacinus,,https://www.inaturalist.org/taxa/22956,https://en.wikipedia.org/wiki/Leptodactylus_mystacinus,,needs_manual_review,no verified standard Chinese common name in supplied/wiki-derived sources
22961,Leptodactylus podicipinus,Pointedbelly Frog,暫無標準中文名（Leptodactylus podicipinus）,Amphibia,https://en.wikipedia.org/wiki/Leptodactylus_podicipinus,,https://www.inaturalist.org/taxa/22961,https://en.wikipedia.org/wiki/Leptodactylus_podicipinus,,needs_manual_review,no verified standard Chinese common name in supplied/wiki-derived sources
22967,Leptodactylus elenae,Marbled White-lipped Frog,暫無標準中文名（Leptodactylus elenae）,Amphibia,https://en.wikipedia.org/wiki/Leptodactylus_elenae,,https://www.inaturalist.org/taxa/22967,https://en.wikipedia.org/wiki/Leptodactylus_elenae,,needs_manual_review,no verified standard Chinese common name in supplied/wiki-derived sources
22973,Leptodactylus fuscus,Whistling Grass Frog,暫無標準中文名（Leptodactylus fuscus）,Amphibia,https://en.wikipedia.org/wiki/Leptodactylus_fuscus,,https://www.inaturalist.org/taxa/22973,https://en.wikipedia.org/wiki/Leptodactylus_fuscus,,needs_manual_review,no verified standard Chinese common name in supplied/wiki-derived sources
22983,Leptodactylus labyrinthicus,Pepper Frog,暫無標準中文名（Leptodactylus labyrinthicus）,Amphibia,https://en.wikipedia.org/wiki/Leptodactylus_labyrinthicus,,https://www.inaturalist.org/taxa/22983,https://en.wikipedia.org/wiki/Leptodactylus_labyrinthicus,,needs_manual_review,no verified standard Chinese common name in supplied/wiki-derived sources
22985,Leptodactylus petersii,Peter's Jungle Frog,暫無標準中文名（Leptodactylus petersii）,Amphibia,https://en.wikipedia.org/wiki/Leptodactylus_petersii,,https://www.inaturalist.org/taxa/22985,https://en.wikipedia.org/wiki/Leptodactylus_petersii,,needs_manual_review,no verified standard Chinese common name in supplied/wiki-derived sources
23150,Physalaemus centralis,Central Dwarf Frog,暫無標準中文名（Physalaemus centralis）,Amphibia,https://en.wikipedia.org/wiki/Physalaemus_centralis,,https://www.inaturalist.org/taxa/23150,https://en.wikipedia.org/wiki/Physalaemus_centralis,,needs_manual_review,no verified standard Chinese common name in supplied/wiki-derived sources
23154,Physalaemus albifrons,Bahia Dwarf Frog,暫無標準中文名（Physalaemus albifrons）,Amphibia,https://en.wikipedia.org/wiki/Physalaemus_albifrons,,https://www.inaturalist.org/taxa/23154,https://en.wikipedia.org/wiki/Physalaemus_albifrons,,needs_manual_review,no verified standard Chinese common name in supplied/wiki-derived sources
23158,Physalaemus albonotatus,Pale-legged Weeping Frog,暫無標準中文名（Physalaemus albonotatus）,Amphibia,https://en.wikipedia.org/wiki/Physalaemus_albonotatus,,https://www.inaturalist.org/taxa/23158,https://en.wikipedia.org/wiki/Physalaemus_albonotatus,,needs_manual_review,no verified standard Chinese common name in supplied/wiki-derived sources
23176,Pseudopaludicola mystacalis,Cope's Swamp Froglet,暫無標準中文名（Pseudopaludicola mystacalis）,Amphibia,https://en.wikipedia.org/wiki/Pseudopaludicola_mystacalis,,https://www.inaturalist.org/taxa/23176,https://en.wikipedia.org/wiki/Pseudopaludicola_mystacalis,,needs_manual_review,no verified standard Chinese common name in supplied/wiki-derived sources
23724,Phyllomedusa sauvagii,Waxy Monkey Tree Frog,蠟白猴樹蛙,Amphibia,https://en.wikipedia.org/wiki/Phyllomedusa_sauvagii,https://zh.wikipedia.org/wiki/%E8%A0%9F%E7%99%BD%E7%8C%B4%E6%A8%B9%E8%9B%99,https://www.inaturalist.org/taxa/23724,https://en.wikipedia.org/wiki/Phyllomedusa_sauvagii,https://zh.wikipedia.org/wiki/%E8%A0%9F%E7%99%BD%E7%8C%B4%E6%A8%B9%E8%9B%99,curated,preserved from supplied data with URL/domain normalization
24279,Scinax nasicus,Lesser Snouted Tree Frog,暫無標準中文名（Scinax nasicus）,Amphibia,https://en.wikipedia.org/wiki/Scinax_nasicus,,https://www.inaturalist.org/taxa/24279,https://en.wikipedia.org/wiki/Scinax_nasicus,,needs_manual_review,no verified standard Chinese common name in supplied/wiki-derived sources
24285,Scinax fuscovarius,Fuscous-blotched Snouted Tree Frog,暫無標準中文名（Scinax fuscovarius）,Amphibia,https://en.wikipedia.org/wiki/Scinax_fuscovarius,,https://www.inaturalist.org/taxa/24285,https://en.wikipedia.org/wiki/Scinax_fuscovarius,,needs_manual_review,no verified standard Chinese common name in supplied/wiki-derived sources
24287,Scinax fuscomarginatus,Brown-bordered Snouted Tree Frog,暫無標準中文名（Scinax fuscomarginatus）,Amphibia,https://en.wikipedia.org/wiki/Scinax_fuscomarginatus,,https://www.inaturalist.org/taxa/24287,https://en.wikipedia.org/wiki/Scinax_fuscomarginatus,,needs_manual_review,no verified standard Chinese common name in supplied/wiki-derived sources
24321,Scinax acuminatus,Mato Grosso Snouted Tree Frog,暫無標準中文名（Scinax acuminatus）,Amphibia,https://en.wikipedia.org/wiki/Scinax_acuminatus,,https://www.inaturalist.org/taxa/24321,https://en.wikipedia.org/wiki/Scinax_acuminatus,,needs_manual_review,no verified standard Chinese common name in supplied/wiki-derived sources
244024,Quesada gigas,Giant Cicada,暫無標準中文名（Quesada gigas）,Insecta,https://en.wikipedia.org/wiki/Quesada_gigas,,https://www.inaturalist.org/taxa/244024,https://en.wikipedia.org/wiki/Quesada_gigas,,needs_manual_review,no verified standard Chinese common name in supplied/wiki-derived sources
25073,Chiasmocleis mehelyi,Chiasmocleis mehelyi,暫無標準中文名（Chiasmocleis mehelyi）,Amphibia,https://en.wikipedia.org/wiki/Chiasmocleis_mehelyi,,https://www.inaturalist.org/taxa/25073,https://en.wikipedia.org/wiki/Chiasmocleis_mehelyi,,needs_manual_review,english_name filled/corrected; no verified standard Chinese common name in supplied/wiki-derived sources
25092,Elachistocleis bicolor,Two-colored Oval Frog,暫無標準中文名（Elachistocleis bicolor）,Amphibia,https://en.wikipedia.org/wiki/Elachistocleis_bicolor,,https://www.inaturalist.org/taxa/25092,https://en.wikipedia.org/wiki/Elachistocleis_bicolor,,needs_manual_review,english_name filled/corrected; no verified standard Chinese common name in supplied/wiki-derived sources
25214,Dermatonotus muelleri,Muller's Termite Frog,暫無標準中文名（Dermatonotus muelleri）,Amphibia,https://en.wikipedia.org/wiki/Dermatonotus_muelleri,,https://www.inaturalist.org/taxa/25214,https://en.wikipedia.org/wiki/Dermatonotus_muelleri,,needs_manual_review,no verified standard Chinese common name in supplied/wiki-derived sources
326272,Physalaemus biligonigerus,Weeping Frog,暫無標準中文名（Physalaemus biligonigerus）,Amphibia,https://en.wikipedia.org/wiki/Physalaemus_biligonigerus,,https://www.inaturalist.org/taxa/326272,https://en.wikipedia.org/wiki/Physalaemus_biligonigerus,,needs_manual_review,no verified standard Chinese common name in supplied/wiki-derived sources
41970,Panthera onca,Jaguar,美洲豹,Mammalia,https://en.wikipedia.org/wiki/Panthera_onca,https://zh.wikipedia.org/wiki/%E7%BE%8E%E6%B4%B2%E8%B1%B9,https://www.inaturalist.org/taxa/41970,https://en.wikipedia.org/wiki/Panthera_onca,https://zh.wikipedia.org/wiki/%E7%BE%8E%E6%B4%B2%E8%B1%B9,curated,preserved from supplied data with URL/domain normalization
43435,Alouatta caraya,Black-and-gold Howler Monkey,黑吼猴,Mammalia,https://en.wikipedia.org/wiki/Alouatta_caraya,https://zh.wikipedia.org/wiki/%E9%BB%91%E5%90%BC%E7%8C%B4,https://www.inaturalist.org/taxa/43435,https://en.wikipedia.org/wiki/Alouatta_caraya,https://zh.wikipedia.org/wiki/%E9%BB%91%E5%90%BC%E7%8C%B4,curated,preserved from supplied data with URL/domain normalization
47144,Canis familiaris,Domestic Dog,犬,Mammalia,https://en.wikipedia.org/wiki/Canis_familiaris,https://zh.wikipedia.org/wiki/%E7%8A%AC,https://www.inaturalist.org/taxa/47144,https://en.wikipedia.org/wiki/Canis_familiaris,https://zh.wikipedia.org/wiki/%E7%8A%AC,curated,preserved from supplied data with URL/domain normalization
47158son01,Insecta sp. (sonotype 01),Insect Sonotype 01,昆蟲聲型 01,Insecta,https://en.wikipedia.org/wiki/Insect,https://zh.wikipedia.org/wiki/%E6%98%86%E8%9F%B2,,https://en.wikipedia.org/wiki/Insect,https://zh.wikipedia.org/wiki/%E6%98%86%E8%9F%B2,curated,preserved from supplied data with URL/domain normalization
47158son02,Insecta sp. (sonotype 02),Insect Sonotype 02,昆蟲聲型 02,Insecta,https://en.wikipedia.org/wiki/Insect,https://zh.wikipedia.org/wiki/%E6%98%86%E8%9F%B2,,https://en.wikipedia.org/wiki/Insect,https://zh.wikipedia.org/wiki/%E6%98%86%E8%9F%B2,curated,preserved from supplied data with URL/domain normalization
47158son03,Insecta sp. (sonotype 03),Insect Sonotype 03,昆蟲聲型 03,Insecta,https://en.wikipedia.org/wiki/Insect,https://zh.wikipedia.org/wiki/%E6%98%86%E8%9F%B2,,https://en.wikipedia.org/wiki/Insect,https://zh.wikipedia.org/wiki/%E6%98%86%E8%9F%B2,curated,preserved from supplied data with URL/domain normalization
47158son04,Insecta sp. (sonotype 04),Insect Sonotype 04,昆蟲聲型 04,Insecta,https://en.wikipedia.org/wiki/Insect,https://zh.wikipedia.org/wiki/%E6%98%86%E8%9F%B2,,https://en.wikipedia.org/wiki/Insect,https://zh.wikipedia.org/wiki/%E6%98%86%E8%9F%B2,curated,preserved from supplied data with URL/domain normalization
47158son05,Insecta sp. (sonotype 05),Insect Sonotype 05,昆蟲聲型 05,Insecta,https://en.wikipedia.org/wiki/Insect,https://zh.wikipedia.org/wiki/%E6%98%86%E8%9F%B2,,https://en.wikipedia.org/wiki/Insect,https://zh.wikipedia.org/wiki/%E6%98%86%E8%9F%B2,curated,preserved from supplied data with URL/domain normalization
47158son06,Insecta sp. (sonotype 06),Insect Sonotype 06,昆蟲聲型 06,Insecta,https://en.wikipedia.org/wiki/Insect,https://zh.wikipedia.org/wiki/%E6%98%86%E8%9F%B2,,https://en.wikipedia.org/wiki/Insect,https://zh.wikipedia.org/wiki/%E6%98%86%E8%9F%B2,curated,preserved from supplied data with URL/domain normalization
47158son07,Insecta sp. (sonotype 07),Insect Sonotype 07,昆蟲聲型 07,Insecta,https://en.wikipedia.org/wiki/Insect,https://zh.wikipedia.org/wiki/%E6%98%86%E8%9F%B2,,https://en.wikipedia.org/wiki/Insect,https://zh.wikipedia.org/wiki/%E6%98%86%E8%9F%B2,curated,preserved from supplied data with URL/domain normalization
47158son08,Insecta sp. (sonotype 08),Insect Sonotype 08,昆蟲聲型 08,Insecta,https://en.wikipedia.org/wiki/Insect,https://zh.wikipedia.org/wiki/%E6%98%86%E8%9F%B2,,https://en.wikipedia.org/wiki/Insect,https://zh.wikipedia.org/wiki/%E6%98%86%E8%9F%B2,curated,preserved from supplied data with URL/domain normalization
47158son09,Insecta sp. (sonotype 09),Insect Sonotype 09,昆蟲聲型 09,Insecta,https://en.wikipedia.org/wiki/Insect,https://zh.wikipedia.org/wiki/%E6%98%86%E8%9F%B2,,https://en.wikipedia.org/wiki/Insect,https://zh.wikipedia.org/wiki/%E6%98%86%E8%9F%B2,curated,preserved from supplied data with URL/domain normalization
47158son10,Insecta sp. (sonotype 10),Insect Sonotype 10,昆蟲聲型 10,Insecta,https://en.wikipedia.org/wiki/Insect,https://zh.wikipedia.org/wiki/%E6%98%86%E8%9F%B2,,https://en.wikipedia.org/wiki/Insect,https://zh.wikipedia.org/wiki/%E6%98%86%E8%9F%B2,curated,preserved from supplied data with URL/domain normalization
47158son11,Insecta sp. (sonotype 11),Insect Sonotype 11,昆蟲聲型 11,Insecta,https://en.wikipedia.org/wiki/Insect,https://zh.wikipedia.org/wiki/%E6%98%86%E8%9F%B2,,https://en.wikipedia.org/wiki/Insect,https://zh.wikipedia.org/wiki/%E6%98%86%E8%9F%B2,curated,preserved from supplied data with URL/domain normalization
47158son12,Insecta sp. (sonotype 12),Insect Sonotype 12,昆蟲聲型 12,Insecta,https://en.wikipedia.org/wiki/Insect,https://zh.wikipedia.org/wiki/%E6%98%86%E8%9F%B2,,https://en.wikipedia.org/wiki/Insect,https://zh.wikipedia.org/wiki/%E6%98%86%E8%9F%B2,curated,preserved from supplied data with URL/domain normalization
47158son13,Insecta sp. (sonotype 13),Insect Sonotype 13,昆蟲聲型 13,Insecta,https://en.wikipedia.org/wiki/Insect,https://zh.wikipedia.org/wiki/%E6%98%86%E8%9F%B2,,https://en.wikipedia.org/wiki/Insect,https://zh.wikipedia.org/wiki/%E6%98%86%E8%9F%B2,curated,preserved from supplied data with URL/domain normalization
47158son14,Insecta sp. (sonotype 14),Insect Sonotype 14,昆蟲聲型 14,Insecta,https://en.wikipedia.org/wiki/Insect,https://zh.wikipedia.org/wiki/%E6%98%86%E8%9F%B2,,https://en.wikipedia.org/wiki/Insect,https://zh.wikipedia.org/wiki/%E6%98%86%E8%9F%B2,curated,preserved from supplied data with URL/domain normalization
47158son15,Insecta sp. (sonotype 15),Insect Sonotype 15,昆蟲聲型 15,Insecta,https://en.wikipedia.org/wiki/Insect,https://zh.wikipedia.org/wiki/%E6%98%86%E8%9F%B2,,https://en.wikipedia.org/wiki/Insect,https://zh.wikipedia.org/wiki/%E6%98%86%E8%9F%B2,curated,preserved from supplied data with URL/domain normalization
47158son16,Insecta sp. (sonotype 16),Insect Sonotype 16,昆蟲聲型 16,Insecta,https://en.wikipedia.org/wiki/Insect,https://zh.wikipedia.org/wiki/%E6%98%86%E8%9F%B2,,https://en.wikipedia.org/wiki/Insect,https://zh.wikipedia.org/wiki/%E6%98%86%E8%9F%B2,curated,preserved from supplied data with URL/domain normalization
47158son17,Insecta sp. (sonotype 17),Insect Sonotype 17,昆蟲聲型 17,Insecta,https://en.wikipedia.org/wiki/Insect,https://zh.wikipedia.org/wiki/%E6%98%86%E8%9F%B2,,https://en.wikipedia.org/wiki/Insect,https://zh.wikipedia.org/wiki/%E6%98%86%E8%9F%B2,curated,preserved from supplied data with URL/domain normalization
47158son18,Insecta sp. (sonotype 18),Insect Sonotype 18,昆蟲聲型 18,Insecta,https://en.wikipedia.org/wiki/Insect,https://zh.wikipedia.org/wiki/%E6%98%86%E8%9F%B2,,https://en.wikipedia.org/wiki/Insect,https://zh.wikipedia.org/wiki/%E6%98%86%E8%9F%B2,curated,preserved from supplied data with URL/domain normalization
47158son19,Insecta sp. (sonotype 19),Insect Sonotype 19,昆蟲聲型 19,Insecta,https://en.wikipedia.org/wiki/Insect,https://zh.wikipedia.org/wiki/%E6%98%86%E8%9F%B2,,https://en.wikipedia.org/wiki/Insect,https://zh.wikipedia.org/wiki/%E6%98%86%E8%9F%B2,curated,preserved from supplied data with URL/domain normalization
47158son20,Insecta sp. (sonotype 20),Insect Sonotype 20,昆蟲聲型 20,Insecta,https://en.wikipedia.org/wiki/Insect,https://zh.wikipedia.org/wiki/%E6%98%86%E8%9F%B2,,https://en.wikipedia.org/wiki/Insect,https://zh.wikipedia.org/wiki/%E6%98%86%E8%9F%B2,curated,preserved from supplied data with URL/domain normalization
47158son21,Insecta sp. (sonotype 21),Insect Sonotype 21,昆蟲聲型 21,Insecta,https://en.wikipedia.org/wiki/Insect,https://zh.wikipedia.org/wiki/%E6%98%86%E8%9F%B2,,https://en.wikipedia.org/wiki/Insect,https://zh.wikipedia.org/wiki/%E6%98%86%E8%9F%B2,curated,preserved from supplied data with URL/domain normalization
47158son22,Insecta sp. (sonotype 22),Insect Sonotype 22,昆蟲聲型 22,Insecta,https://en.wikipedia.org/wiki/Insect,https://zh.wikipedia.org/wiki/%E6%98%86%E8%9F%B2,,https://en.wikipedia.org/wiki/Insect,https://zh.wikipedia.org/wiki/%E6%98%86%E8%9F%B2,curated,preserved from supplied data with URL/domain normalization
47158son23,Insecta sp. (sonotype 23),Insect Sonotype 23,昆蟲聲型 23,Insecta,https://en.wikipedia.org/wiki/Insect,https://zh.wikipedia.org/wiki/%E6%98%86%E8%9F%B2,,https://en.wikipedia.org/wiki/Insect,https://zh.wikipedia.org/wiki/%E6%98%86%E8%9F%B2,curated,preserved from supplied data with URL/domain normalization
47158son24,Insecta sp. (sonotype 24),Insect Sonotype 24,昆蟲聲型 24,Insecta,https://en.wikipedia.org/wiki/Insect,https://zh.wikipedia.org/wiki/%E6%98%86%E8%9F%B2,,https://en.wikipedia.org/wiki/Insect,https://zh.wikipedia.org/wiki/%E6%98%86%E8%9F%B2,curated,preserved from supplied data with URL/domain normalization
47158son25,Insecta sp. (sonotype 25),Insect Sonotype 25,昆蟲聲型 25,Insecta,https://en.wikipedia.org/wiki/Insect,https://zh.wikipedia.org/wiki/%E6%98%86%E8%9F%B2,,https://en.wikipedia.org/wiki/Insect,https://zh.wikipedia.org/wiki/%E6%98%86%E8%9F%B2,curated,preserved from supplied data with URL/domain normalization
476521,Physalaemus nattereri,Cuyaba Dwarf Frog,納特豎蟾,Amphibia,https://en.wikipedia.org/wiki/Physalaemus_nattereri,https://zh.wikipedia.org/wiki/%E7%B4%8D%E7%89%B9%E8%B1%8E%E8%9F%BE,https://www.inaturalist.org/taxa/476521,https://en.wikipedia.org/wiki/Physalaemus_nattereri,https://zh.wikipedia.org/wiki/%E7%B4%8D%E7%89%B9%E8%B1%8E%E8%9F%BE,curated,preserved from supplied data with URL/domain normalization
516975,Sapajus cay,Hooded Capuchin,暫無標準中文名（Sapajus cay）,Mammalia,https://en.wikipedia.org/wiki/Sapajus_cay,,https://www.inaturalist.org/taxa/516975,https://en.wikipedia.org/wiki/Sapajus_cay,,needs_manual_review,no verified standard Chinese common name in supplied/wiki-derived sources
517063,Pithecopus azureus,Southern Orange-legged Leaf Frog,暫無標準中文名（Pithecopus azureus）,Amphibia,https://en.wikipedia.org/wiki/Pithecopus_azureus,,https://www.inaturalist.org/taxa/517063,https://en.wikipedia.org/wiki/Pithecopus_azureus,,needs_manual_review,no verified standard Chinese common name in supplied/wiki-derived sources
555123,Boana lundii,Usina Tree Frog,暫無標準中文名（Boana lundii）,Amphibia,https://en.wikipedia.org/wiki/Boana_lundii,,https://www.inaturalist.org/taxa/555123,https://en.wikipedia.org/wiki/Boana_lundii,,needs_manual_review,no verified standard Chinese common name in supplied/wiki-derived sources
555145,Boana punctata,Polka-dot Tree Frog,暫無標準中文名（Boana punctata）,Amphibia,https://en.wikipedia.org/wiki/Boana_punctata,,https://www.inaturalist.org/taxa/555145,https://en.wikipedia.org/wiki/Boana_punctata,,needs_manual_review,no verified standard Chinese common name in supplied/wiki-derived sources
555146,Boana raniceps,Chaco Tree Frog,暫無標準中文名（Boana raniceps）,Amphibia,https://en.wikipedia.org/wiki/Boana_raniceps,,https://www.inaturalist.org/taxa/555146,https://en.wikipedia.org/wiki/Boana_raniceps,,needs_manual_review,no verified standard Chinese common name in supplied/wiki-derived sources
64898,Ameerega picta,Spot-legged Poison Frog,暫無標準中文名（Ameerega picta）,Amphibia,https://en.wikipedia.org/wiki/Ameerega_picta,,https://www.inaturalist.org/taxa/64898,https://en.wikipedia.org/wiki/Ameerega_picta,,needs_manual_review,no verified standard Chinese common name in supplied/wiki-derived sources
65377,Dendropsophus minutus,Lesser Tree Frog,暫無標準中文名（Dendropsophus minutus）,Amphibia,https://en.wikipedia.org/wiki/Dendropsophus_minutus,,https://www.inaturalist.org/taxa/65377,https://en.wikipedia.org/wiki/Dendropsophus_minutus,,needs_manual_review,no verified standard Chinese common name in supplied/wiki-derived sources
65380,Dendropsophus nanus,Dwarf Tree Frog,暫無標準中文名（Dendropsophus nanus）,Amphibia,https://en.wikipedia.org/wiki/Dendropsophus_nanus,,https://www.inaturalist.org/taxa/65380,https://en.wikipedia.org/wiki/Dendropsophus_nanus,,needs_manual_review,no verified standard Chinese common name in supplied/wiki-derived sources
66971,Pseudis platensis,Paraguayan Swimming Frog,暫無標準中文名（Pseudis platensis）,Amphibia,https://en.wikipedia.org/wiki/Pseudis_platensis,,https://www.inaturalist.org/taxa/66971,https://en.wikipedia.org/wiki/Pseudis_platensis,,needs_manual_review,no verified standard Chinese common name in supplied/wiki-derived sources
67107,Rhinella diptycha,Cururu Toad,暫無標準中文名（Rhinella diptycha）,Amphibia,https://en.wikipedia.org/wiki/Rhinella_diptycha,,https://www.inaturalist.org/taxa/67107,https://en.wikipedia.org/wiki/Rhinella_diptycha,,needs_manual_review,no verified standard Chinese common name in supplied/wiki-derived sources
67252,Trachycephalus typhonius,Veined Tree Frog,暫無標準中文名（Trachycephalus typhonius）,Amphibia,https://en.wikipedia.org/wiki/Trachycephalus_typhonius,,https://www.inaturalist.org/taxa/67252,https://en.wikipedia.org/wiki/Trachycephalus_typhonius,,needs_manual_review,no verified standard Chinese common name in supplied/wiki-derived sources
70711,Leptodactylus macrosternum,Miranda's White-lipped Frog,暫無標準中文名（Leptodactylus macrosternum）,Amphibia,https://en.wikipedia.org/wiki/Leptodactylus_macrosternum,,https://www.inaturalist.org/taxa/70711,https://en.wikipedia.org/wiki/Leptodactylus_macrosternum,,needs_manual_review,no verified standard Chinese common name in supplied/wiki-derived sources
738183,Plecturocebus pallescens,Pale Titi,暫無標準中文名（Plecturocebus pallescens）,Mammalia,https://en.wikipedia.org/wiki/Plecturocebus_pallescens,,https://www.inaturalist.org/taxa/738183,https://en.wikipedia.org/wiki/Plecturocebus_pallescens,,needs_manual_review,no verified standard Chinese common name in supplied/wiki-derived sources
74113,Bos taurus,Domestic Cattle,家牛,Mammalia,https://en.wikipedia.org/wiki/Bos_taurus,https://zh.wikipedia.org/wiki/%E5%AE%B6%E7%89%9B,https://www.inaturalist.org/taxa/74113,https://en.wikipedia.org/wiki/Bos_taurus,https://zh.wikipedia.org/wiki/%E5%AE%B6%E7%89%9B,curated,preserved from supplied data with URL/domain normalization
74580,Mico melanurus,Black-tailed Marmoset,黑尾狨,Mammalia,https://en.wikipedia.org/wiki/Mico_melanurus,https://zh.wikipedia.org/wiki/%E9%BB%91%E5%B0%BE%E7%8B%A8,https://www.inaturalist.org/taxa/74580,https://en.wikipedia.org/wiki/Mico_melanurus,https://zh.wikipedia.org/wiki/%E9%BB%91%E5%B0%BE%E7%8B%A8,curated,preserved from supplied data with URL/domain normalization
760266,Prionacris erosa,Prionacris erosa,暫無標準中文名（Prionacris erosa）,Insecta,,,https://www.inaturalist.org/taxa/760266,,,needs_manual_review,english_name filled/corrected; no verified standard Chinese common name in supplied/wiki-derived sources; English Wikipedia page not found
ashgre1,Hylophilus pectoralis,Ashy-headed Greenlet,暫無標準中文名（Hylophilus pectoralis）,Aves,https://en.wikipedia.org/wiki/Ashy-headed_Greenlet,,https://ebird.org/species/ashgre1,https://en.wikipedia.org/wiki/Ashy-headed_Greenlet,,needs_manual_review,no verified standard Chinese common name in supplied/wiki-derived sources
astcra1,Mustelirallus albicollis,Ash-throated Crake,暫無標準中文名（Mustelirallus albicollis）,Aves,https://en.wikipedia.org/wiki/Ash-throated_Crake,,https://ebird.org/species/astcra1,https://en.wikipedia.org/wiki/Ash-throated_Crake,,needs_manual_review,no verified standard Chinese common name in supplied/wiki-derived sources
bafcur1,Crax fasciolata,Bare-faced Curassow,暫無標準中文名（Crax fasciolata）,Aves,https://en.wikipedia.org/wiki/Bare-faced_Curassow,,https://ebird.org/species/bafcur1,https://en.wikipedia.org/wiki/Bare-faced_Curassow,,needs_manual_review,no verified standard Chinese common name in supplied/wiki-derived sources
baffal1,Micrastur ruficollis,Barred Forest-Falcon,暫無標準中文名（Micrastur ruficollis）,Aves,https://en.wikipedia.org/wiki/Barred_Forest-Falcon,,https://ebird.org/species/baffal1,https://en.wikipedia.org/wiki/Barred_Forest-Falcon,,needs_manual_review,no verified standard Chinese common name in supplied/wiki-derived sources
banana,Coereba flaveola,Bananaquit,蕉森鶯,Aves,https://en.wikipedia.org/wiki/Bananaquit,https://zh.wikipedia.org/wiki/%E8%95%89%E6%A3%AE%E9%B6%AF,https://ebird.org/species/banana,https://en.wikipedia.org/wiki/Bananaquit,https://zh.wikipedia.org/wiki/%E8%95%89%E6%A3%AE%E9%B6%AF,curated,preserved from supplied data with URL/domain normalization
barant1,Thamnophilus doliatus,Barred Antshrike,橫斑蟻鵙,Aves,https://en.wikipedia.org/wiki/Barred_Antshrike,https://zh.wikipedia.org/wiki/%E6%A9%AB%E6%96%91%E8%9F%BB%E9%B5%99,https://ebird.org/species/barant1,https://en.wikipedia.org/wiki/Barred_Antshrike,https://zh.wikipedia.org/wiki/%E6%A9%AB%E6%96%91%E8%9F%BB%E9%B5%99,curated,chinese_name corrected from corrupted source text
batbel1,Procnias nudicollis,Bare-throated Bellbird,裸喉鐘雀,Aves,https://en.wikipedia.org/wiki/Bare-throated_Bellbird,https://zh.wikipedia.org/wiki/%E8%A3%B8%E5%96%89%E9%90%98%E9%9B%80,https://ebird.org/species/batbel1,https://en.wikipedia.org/wiki/Bare-throated_Bellbird,https://zh.wikipedia.org/wiki/%E8%A3%B8%E5%96%89%E9%90%98%E9%9B%80,curated,preserved from supplied data with URL/domain normalization
baymac,Ara ararauna,Blue-and-yellow Macaw,藍黃金剛鸚鵡,Aves,https://en.wikipedia.org/wiki/Blue-and-yellow_Macaw,https://zh.wikipedia.org/wiki/%E8%97%8D%E9%BB%83%E9%87%91%E5%89%9B%E9%B8%9A%E9%B5%A1,https://ebird.org/species/baymac,https://en.wikipedia.org/wiki/Blue-and-yellow_Macaw,https://zh.wikipedia.org/wiki/%E8%97%8D%E9%BB%83%E9%87%91%E5%89%9B%E9%B8%9A%E9%B5%A1,curated,preserved from supplied data with URL/domain normalization
bbwduc,Dendrocygna autumnalis,Black-bellied Whistling-Duck,暫無標準中文名（Dendrocygna autumnalis）,Aves,https://en.wikipedia.org/wiki/Black-bellied_Whistling-Duck,,https://ebird.org/species/bbwduc,https://en.wikipedia.org/wiki/Black-bellied_Whistling-Duck,,needs_manual_review,no verified standard Chinese common name in supplied/wiki-derived sources
bcwfin2,Microspingus melanoleucus,Black-capped Warbling Finch,暫無標準中文名（Microspingus melanoleucus）,Aves,https://en.wikipedia.org/wiki/Black-capped_Warbling_Finch,,https://ebird.org/species/bcwfin2,https://en.wikipedia.org/wiki/Black-capped_Warbling_Finch,,needs_manual_review,no verified standard Chinese common name in supplied/wiki-derived sources
bkcdon,Donacobius atricapilla,Black-capped Donacobius,黑頂鷦鶯,Aves,https://en.wikipedia.org/wiki/Black-capped_Donacobius,https://zh.wikipedia.org/wiki/%E9%BB%91%E9%A0%82%E9%B7%A6%E9%B6%AF,https://ebird.org/species/bkcdon,https://en.wikipedia.org/wiki/Black-capped_Donacobius,https://zh.wikipedia.org/wiki/%E9%BB%91%E9%A0%82%E9%B7%A6%E9%B6%AF,curated,chinese_name corrected from corrupted source text
bkhpar,Aratinga nenday,Nanday Parakeet,暫無標準中文名（Aratinga nenday）,Aves,https://en.wikipedia.org/wiki/Nanday_Parakeet,,https://ebird.org/species/bkhpar,https://en.wikipedia.org/wiki/Nanday_Parakeet,,needs_manual_review,no verified standard Chinese common name in supplied/wiki-derived sources
blchaw1,Busarellus nigricollis,Black-collared Hawk,暫無標準中文名（Busarellus nigricollis）,Aves,https://en.wikipedia.org/wiki/Black-collared_Hawk,,https://ebird.org/species/blchaw1,https://en.wikipedia.org/wiki/Black-collared_Hawk,,needs_manual_review,no verified standard Chinese common name in supplied/wiki-derived sources
blheag1,Spizaetus tyrannus,Black Hawk-Eagle,暫無標準中文名（Spizaetus tyrannus）,Aves,https://en.wikipedia.org/wiki/Black_Hawk-Eagle,,https://ebird.org/species/blheag1,https://en.wikipedia.org/wiki/Black_Hawk-Eagle,,needs_manual_review,no verified standard Chinese common name in supplied/wiki-derived sources
blttit1,Tityra cayana,Black-tailed Tityra,暫無標準中文名（Tityra cayana）,Aves,https://en.wikipedia.org/wiki/Black-tailed_Tityra,,https://ebird.org/species/blttit1,https://en.wikipedia.org/wiki/Black-tailed_Tityra,,needs_manual_review,no verified standard Chinese common name in supplied/wiki-derived sources
bncfly,Myiarchus tyrannulus,Brown-crested Flycatcher,暫無標準中文名（Myiarchus tyrannulus）,Aves,https://en.wikipedia.org/wiki/Brown-crested_Flycatcher,,https://ebird.org/species/bncfly,https://en.wikipedia.org/wiki/Brown-crested_Flycatcher,,needs_manual_review,no verified standard Chinese common name in supplied/wiki-derived sources
bobfly1,Megarynchus pitangua,Boat-billed Flycatcher,船嘴霸鶲,Aves,https://en.wikipedia.org/wiki/Boat-billed_Flycatcher,https://zh.wikipedia.org/wiki/%E8%88%B9%E5%98%B4%E9%9C%B8%E9%B6%B2,https://ebird.org/species/bobfly1,https://en.wikipedia.org/wiki/Boat-billed_Flycatcher,https://zh.wikipedia.org/wiki/%E8%88%B9%E5%98%B4%E9%9C%B8%E9%B6%B2,curated,chinese_name corrected from corrupted source text
brcmar1,Progne tapera,Brown-chested Martin,暫無標準中文名（Progne tapera）,Aves,https://en.wikipedia.org/wiki/Brown-chested_Martin,,https://ebird.org/species/brcmar1,https://en.wikipedia.org/wiki/Brown-chested_Martin,,needs_manual_review,no verified standard Chinese common name in supplied/wiki-derived sources
brnowl,Tyto furcata,American Barn Owl,暫無標準中文名（Tyto furcata）,Aves,https://en.wikipedia.org/wiki/American_Barn_Owl,,https://ebird.org/species/brnowl,https://en.wikipedia.org/wiki/American_Barn_Owl,,needs_manual_review,no verified standard Chinese common name in supplied/wiki-derived sources
bucmot4,Momotus momota,Amazonian Motmot,暫無標準中文名（Momotus momota）,Aves,https://en.wikipedia.org/wiki/Amazonian_Motmot,,https://ebird.org/species/bucmot4,https://en.wikipedia.org/wiki/Amazonian_Motmot,,needs_manual_review,no verified standard Chinese common name in supplied/wiki-derived sources
bucpar,Thectocercus acuticaudatus,Blue-crowned Parakeet,暫無標準中文名（Thectocercus acuticaudatus）,Aves,https://en.wikipedia.org/wiki/Blue-crowned_Parakeet,,https://ebird.org/species/bucpar,https://en.wikipedia.org/wiki/Blue-crowned_Parakeet,,needs_manual_review,no verified standard Chinese common name in supplied/wiki-derived sources
bufpar,Amazona aestiva,Turquoise-fronted Amazon,暫無標準中文名（Amazona aestiva）,Aves,https://en.wikipedia.org/wiki/Turquoise-fronted_Amazon,,https://ebird.org/species/bufpar,https://en.wikipedia.org/wiki/Turquoise-fronted_Amazon,,needs_manual_review,no verified standard Chinese common name in supplied/wiki-derived sources
bunibi1,Theristicus caudatus,Buff-necked Ibis,暫無標準中文名（Theristicus caudatus）,Aves,https://en.wikipedia.org/wiki/Buff-necked_Ibis,,https://ebird.org/species/bunibi1,https://en.wikipedia.org/wiki/Buff-necked_Ibis,,needs_manual_review,no verified standard Chinese common name in supplied/wiki-derived sources
burowl,Athene cunicularia,Burrowing Owl,穴鴞,Aves,https://en.wikipedia.org/wiki/Burrowing_Owl,https://zh.wikipedia.org/wiki/%E7%A9%B4%E9%B4%9E,https://ebird.org/species/burowl,https://en.wikipedia.org/wiki/Burrowing_Owl,https://zh.wikipedia.org/wiki/%E7%A9%B4%E9%B4%9E,curated,preserved from supplied data with URL/domain normalization
camfli1,Colaptes campestris,Campo Flicker,暫無標準中文名（Colaptes campestris）,Aves,https://en.wikipedia.org/wiki/Campo_Flicker,,https://ebird.org/species/camfli1,https://en.wikipedia.org/wiki/Campo_Flicker,,needs_manual_review,no verified standard Chinese common name in supplied/wiki-derived sources
chacha1,Ortalis canicollis,Chaco Chachalaca,暫無標準中文名（Ortalis canicollis）,Aves,https://en.wikipedia.org/wiki/Chaco_Chachalaca,,https://ebird.org/species/chacha1,https://en.wikipedia.org/wiki/Chaco_Chachalaca,,needs_manual_review,no verified standard Chinese common name in supplied/wiki-derived sources
chbmoc1,Mimus saturninus,Chalk-browed Mockingbird,白眉嘲鶇,Aves,https://en.wikipedia.org/wiki/Chalk-browed_Mockingbird,https://zh.wikipedia.org/wiki/%E7%99%BD%E7%9C%89%E5%98%B2%E9%B6%87,https://ebird.org/species/chbmoc1,https://en.wikipedia.org/wiki/Chalk-browed_Mockingbird,https://zh.wikipedia.org/wiki/%E7%99%BD%E7%9C%89%E5%98%B2%E9%B6%87,curated,chinese_name corrected from corrupted source text
chobla1,Gnorimopsar chopi,Chopi Blackbird,暫無標準中文名（Gnorimopsar chopi）,Aves,https://en.wikipedia.org/wiki/Chopi_Blackbird,,https://ebird.org/species/chobla1,https://en.wikipedia.org/wiki/Chopi_Blackbird,,needs_manual_review,no verified standard Chinese common name in supplied/wiki-derived sources
chvcon1,Conirostrum speciosum,Chestnut-vented Conebill,暫無標準中文名（Conirostrum speciosum）,Aves,https://en.wikipedia.org/wiki/Chestnut-vented_Conebill,,https://ebird.org/species/chvcon1,https://en.wikipedia.org/wiki/Chestnut-vented_Conebill,,needs_manual_review,no verified standard Chinese common name in supplied/wiki-derived sources
cibspi1,Synallaxis hypospodia,Cinereous-breasted Spinetail,暫無標準中文名（Synallaxis hypospodia）,Aves,https://en.wikipedia.org/wiki/Cinereous-breasted_Spinetail,,https://ebird.org/species/cibspi1,https://en.wikipedia.org/wiki/Cinereous-breasted_Spinetail,,needs_manual_review,no verified standard Chinese common name in supplied/wiki-derived sources
coffal1,Micrastur semitorquatus,Collared Forest-Falcon,暫無標準中文名（Micrastur semitorquatus）,Aves,https://en.wikipedia.org/wiki/Collared_Forest-Falcon,,https://ebird.org/species/coffal1,https://en.wikipedia.org/wiki/Collared_Forest-Falcon,,needs_manual_review,no verified standard Chinese common name in supplied/wiki-derived sources
compau,Nyctidromus albicollis,Common Pauraque,暫無標準中文名（Nyctidromus albicollis）,Aves,https://en.wikipedia.org/wiki/Common_Pauraque,,https://ebird.org/species/compau,https://en.wikipedia.org/wiki/Common_Pauraque,,needs_manual_review,no verified standard Chinese common name in supplied/wiki-derived sources
compot1,Nyctibius griseus,Common Potoo,暫無標準中文名（Nyctibius griseus）,Aves,https://en.wikipedia.org/wiki/Common_Potoo,,https://ebird.org/species/compot1,https://en.wikipedia.org/wiki/Common_Potoo,,needs_manual_review,no verified standard Chinese common name in supplied/wiki-derived sources
crbthr1,Turdus amaurochalinus,Creamy-bellied Thrush,暫無標準中文名（Turdus amaurochalinus）,Aves,https://en.wikipedia.org/wiki/Creamy-bellied_Thrush,,https://ebird.org/species/crbthr1,https://en.wikipedia.org/wiki/Creamy-bellied_Thrush,,needs_manual_review,no verified standard Chinese common name in supplied/wiki-derived sources
crebec1,Pachyramphus validus,Crested Becard,暫無標準中文名（Pachyramphus validus）,Aves,https://en.wikipedia.org/wiki/Crested_Becard,,https://ebird.org/species/crebec1,https://en.wikipedia.org/wiki/Crested_Becard,,needs_manual_review,no verified standard Chinese common name in supplied/wiki-derived sources
dwatin1,Taoniscus nanus,Dwarf Tinamou,侏䳍,Aves,https://en.wikipedia.org/wiki/Dwarf_Tinamou,https://zh.wikipedia.org/wiki/%E4%BE%8F%E4%B3%8D,https://ebird.org/species/dwatin1,https://en.wikipedia.org/wiki/Dwarf_Tinamou,https://zh.wikipedia.org/wiki/%E4%BE%8F%E4%B3%8D,curated,chinese_name corrected from corrupted source text
epaori4,Icterus pyrrhopterus,Variable Oriole,暫無標準中文名（Icterus pyrrhopterus）,Aves,https://en.wikipedia.org/wiki/Variable_Oriole,,https://ebird.org/species/epaori4,https://en.wikipedia.org/wiki/Variable_Oriole,,needs_manual_review,no verified standard Chinese common name in supplied/wiki-derived sources
eulfly1,Lathrotriccus euleri,Euler's Flycatcher,暫無標準中文名（Lathrotriccus euleri）,Aves,https://en.wikipedia.org/wiki/Euler%27s_Flycatcher,,https://ebird.org/species/eulfly1,https://en.wikipedia.org/wiki/Euler%27s_Flycatcher,,needs_manual_review,no verified standard Chinese common name in supplied/wiki-derived sources
fabwre1,Cantorchilus guarayanus,Fawn-breasted Wren,暫無標準中文名（Cantorchilus guarayanus）,Aves,https://en.wikipedia.org/wiki/Fawn-breasted_Wren,,https://ebird.org/species/fabwre1,https://en.wikipedia.org/wiki/Fawn-breasted_Wren,,needs_manual_review,no verified standard Chinese common name in supplied/wiki-derived sources
fepowl,Glaucidium brasilianum,Ferruginous Pygmy-Owl,暫無標準中文名（Glaucidium brasilianum）,Aves,https://en.wikipedia.org/wiki/Ferruginous_Pygmy-Owl,,https://ebird.org/species/fepowl,https://en.wikipedia.org/wiki/Ferruginous_Pygmy-Owl,,needs_manual_review,no verified standard Chinese common name in supplied/wiki-derived sources
ficman1,Machaeropterus pyrocephalus,Fiery-capped Manakin,暫無標準中文名（Machaeropterus pyrocephalus）,Aves,https://en.wikipedia.org/wiki/Fiery-capped_Manakin,,https://ebird.org/species/ficman1,https://en.wikipedia.org/wiki/Fiery-capped_Manakin,,needs_manual_review,no verified standard Chinese common name in supplied/wiki-derived sources
flawar1,Myiothlypis flaveola,Flavescent Warbler,暫無標準中文名（Myiothlypis flaveola）,Aves,https://en.wikipedia.org/wiki/Flavescent_Warbler,,https://ebird.org/species/flawar1,https://en.wikipedia.org/wiki/Flavescent_Warbler,,needs_manual_review,no verified standard Chinese common name in supplied/wiki-derived sources
fotfly,Tyrannus savana,Fork-tailed Flycatcher,叉尾王霸鶲,Aves,https://en.wikipedia.org/wiki/Fork-tailed_Flycatcher,https://zh.wikipedia.org/wiki/%E5%8F%89%E5%B0%BE%E7%8E%8B%E9%9C%B8%E9%B6%B2,https://ebird.org/species/fotfly,https://en.wikipedia.org/wiki/Fork-tailed_Flycatcher,https://zh.wikipedia.org/wiki/%E5%8F%89%E5%B0%BE%E7%8E%8B%E9%9C%B8%E9%B6%B2,curated,chinese_name corrected from corrupted source text
fusfly1,Cnemotriccus fuscatus,Fuscous Flycatcher,暗褐霸鶲,Aves,https://en.wikipedia.org/wiki/Fuscous_Flycatcher,https://zh.wikipedia.org/wiki/%E6%9A%97%E8%A4%90%E9%9C%B8%E9%B6%B2,https://ebird.org/species/fusfly1,https://en.wikipedia.org/wiki/Fuscous_Flycatcher,https://zh.wikipedia.org/wiki/%E6%9A%97%E8%A4%90%E9%9C%B8%E9%B6%B2,curated,chinese_name corrected from corrupted source text
gilhum1,Hylocharis chrysura,Gilded Hummingbird,暫無標準中文名（Hylocharis chrysura）,Aves,https://en.wikipedia.org/wiki/Gilded_Hummingbird,,https://ebird.org/species/gilhum1,https://en.wikipedia.org/wiki/Gilded_Hummingbird,,needs_manual_review,no verified standard Chinese common name in supplied/wiki-derived sources
giwrai1,Aramides ypecaha,Giant Wood-Rail,暫無標準中文名（Aramides ypecaha）,Aves,https://en.wikipedia.org/wiki/Giant_Wood-Rail,,https://ebird.org/species/giwrai1,https://en.wikipedia.org/wiki/Giant_Wood-Rail,,needs_manual_review,no verified standard Chinese common name in supplied/wiki-derived sources
glteme1,Chionomesa fimbriata,Glittering-throated Emerald,暫無標準中文名（Chionomesa fimbriata）,Aves,https://en.wikipedia.org/wiki/Glittering-throated_Emerald,,https://ebird.org/species/glteme1,https://en.wikipedia.org/wiki/Glittering-throated_Emerald,,needs_manual_review,no verified standard Chinese common name in supplied/wiki-derived sources
grasal3,Saltator coerulescens,Bluish-gray Saltator,暫無標準中文名（Saltator coerulescens）,Aves,https://en.wikipedia.org/wiki/Bluish-gray_Saltator,,https://ebird.org/species/grasal3,https://en.wikipedia.org/wiki/Bluish-gray_Saltator,,needs_manual_review,no verified standard Chinese common name in supplied/wiki-derived sources
greani1,Crotophaga major,Greater Ani,暫無標準中文名（Crotophaga major）,Aves,https://en.wikipedia.org/wiki/Greater_Ani,,https://ebird.org/species/greani1,https://en.wikipedia.org/wiki/Greater_Ani,,needs_manual_review,no verified standard Chinese common name in supplied/wiki-derived sources
greant1,Taraba major,Great Antshrike,暫無標準中文名（Taraba major）,Aves,https://en.wikipedia.org/wiki/Great_Antshrike,,https://ebird.org/species/greant1,https://en.wikipedia.org/wiki/Great_Antshrike,,needs_manual_review,no verified standard Chinese common name in supplied/wiki-derived sources
greela,Myiopagis viridicata,Greenish Elaenia,暫無標準中文名（Myiopagis viridicata）,Aves,https://en.wikipedia.org/wiki/Greenish_Elaenia,,https://ebird.org/species/greela,https://en.wikipedia.org/wiki/Greenish_Elaenia,,needs_manual_review,no verified standard Chinese common name in supplied/wiki-derived sources
grekis,Pitangus sulphuratus,Great Kiskadee,大食蠅霸鶲,Aves,https://en.wikipedia.org/wiki/Great_Kiskadee,https://zh.wikipedia.org/wiki/%E5%A4%A7%E9%A3%9F%E8%A0%85%E9%9C%B8%E9%B6%B2,https://ebird.org/species/grekis,https://en.wikipedia.org/wiki/Great_Kiskadee,https://zh.wikipedia.org/wiki/%E5%A4%A7%E9%A3%9F%E8%A0%85%E9%9C%B8%E9%B6%B2,curated,chinese_name corrected from corrupted source text
grepot1,Nyctibius grandis,Great Potoo,暫無標準中文名（Nyctibius grandis）,Aves,https://en.wikipedia.org/wiki/Great_Potoo,,https://ebird.org/species/grepot1,https://en.wikipedia.org/wiki/Great_Potoo,,needs_manual_review,no verified standard Chinese common name in supplied/wiki-derived sources
gretho2,Phacellodomus ruber,Greater Thornbird,暫無標準中文名（Phacellodomus ruber）,Aves,https://en.wikipedia.org/wiki/Greater_Thornbird,,https://ebird.org/species/gretho2,https://en.wikipedia.org/wiki/Greater_Thornbird,,needs_manual_review,no verified standard Chinese common name in supplied/wiki-derived sources
greyel,Tringa melanoleuca,Greater Yellowlegs,暫無標準中文名（Tringa melanoleuca）,Aves,https://en.wikipedia.org/wiki/Greater_Yellowlegs,,https://ebird.org/species/greyel,https://en.wikipedia.org/wiki/Greater_Yellowlegs,,needs_manual_review,no verified standard Chinese common name in supplied/wiki-derived sources
grfdov1,Leptotila rufaxilla,Gray-fronted Dove,暫無標準中文名（Leptotila rufaxilla）,Aves,https://en.wikipedia.org/wiki/Gray-fronted_Dove,,https://ebird.org/species/grfdov1,https://en.wikipedia.org/wiki/Gray-fronted_Dove,,needs_manual_review,no verified standard Chinese common name in supplied/wiki-derived sources
grhtan1,Eucometis penicillata,Gray-headed Tanager,暫無標準中文名（Eucometis penicillata）,Aves,https://en.wikipedia.org/wiki/Gray-headed_Tanager,,https://ebird.org/species/grhtan1,https://en.wikipedia.org/wiki/Gray-headed_Tanager,,needs_manual_review,no verified standard Chinese common name in supplied/wiki-derived sources
gycwor1,Aramides cajaneus,Gray-cowled Wood-Rail,暫無標準中文名（Aramides cajaneus）,Aves,https://en.wikipedia.org/wiki/Gray-cowled_Wood-Rail,,https://ebird.org/species/gycwor1,https://en.wikipedia.org/wiki/Gray-cowled_Wood-Rail,,needs_manual_review,no verified standard Chinese common name in supplied/wiki-derived sources
horscr1,Anhima cornuta,Horned Screamer,角叫鴨,Aves,https://en.wikipedia.org/wiki/Horned_Screamer,https://zh.wikipedia.org/wiki/%E8%A7%92%E5%8F%AB%E9%B4%A8,https://ebird.org/species/horscr1,https://en.wikipedia.org/wiki/Horned_Screamer,https://zh.wikipedia.org/wiki/%E8%A7%92%E5%8F%AB%E9%B4%A8,curated,preserved from supplied data with URL/domain normalization
houspa,Passer domesticus,House Sparrow,家麻雀,Aves,https://en.wikipedia.org/wiki/House_Sparrow,https://zh.wikipedia.org/wiki/%E5%AE%B6%E9%BA%BB%E9%9B%80,https://ebird.org/species/houspa,https://en.wikipedia.org/wiki/House_Sparrow,https://zh.wikipedia.org/wiki/%E5%AE%B6%E9%BA%BB%E9%9B%80,curated,preserved from supplied data with URL/domain normalization
hyamac1,Anodorhynchus hyacinthinus,Hyacinth Macaw,紫藍金剛鸚鵡,Aves,https://en.wikipedia.org/wiki/Hyacinth_Macaw,https://zh.wikipedia.org/wiki/%E7%B4%AB%E8%97%8D%E9%87%91%E5%89%9B%E9%B8%9A%E9%B5%A1,https://ebird.org/species/hyamac1,https://en.wikipedia.org/wiki/Hyacinth_Macaw,https://zh.wikipedia.org/wiki/%E7%B4%AB%E8%97%8D%E9%87%91%E5%89%9B%E9%B8%9A%E9%B5%A1,curated,preserved from supplied data with URL/domain normalization
larela1,Elaenia spectabilis,Large Elaenia,暫無標準中文名（Elaenia spectabilis）,Aves,https://en.wikipedia.org/wiki/Large_Elaenia,,https://ebird.org/species/larela1,https://en.wikipedia.org/wiki/Large_Elaenia,,needs_manual_review,no verified standard Chinese common name in supplied/wiki-derived sources
lesela1,Elaenia chiriquensis,Lesser Elaenia,暫無標準中文名（Elaenia chiriquensis）,Aves,https://en.wikipedia.org/wiki/Lesser_Elaenia,,https://ebird.org/species/lesela1,https://en.wikipedia.org/wiki/Lesser_Elaenia,,needs_manual_review,no verified standard Chinese common name in supplied/wiki-derived sources
lesgrf1,Emberizoides ypiranganus,Lesser Grass-Finch,暫無標準中文名（Emberizoides ypiranganus）,Aves,https://en.wikipedia.org/wiki/Lesser_Grass-Finch,,https://ebird.org/species/lesgrf1,https://en.wikipedia.org/wiki/Lesser_Grass-Finch,,needs_manual_review,no verified standard Chinese common name in supplied/wiki-derived sources
limpki,Aramus guarauna,Limpkin,秧鶴,Aves,https://en.wikipedia.org/wiki/Limpkin,https://zh.wikipedia.org/wiki/%E7%A7%A7%E9%B6%B4,https://ebird.org/species/limpki,https://en.wikipedia.org/wiki/Limpkin,https://zh.wikipedia.org/wiki/%E7%A7%A7%E9%B6%B4,curated,chinese_name corrected from corrupted source text
linwoo1,Dryocopus lineatus,Lineated Woodpecker,暫無標準中文名（Dryocopus lineatus）,Aves,https://en.wikipedia.org/wiki/Lineated_Woodpecker,,https://ebird.org/species/linwoo1,https://en.wikipedia.org/wiki/Lineated_Woodpecker,,needs_manual_review,no verified standard Chinese common name in supplied/wiki-derived sources
litcuc2,Coccycua minuta,Little Cuckoo,暫無標準中文名（Coccycua minuta）,Aves,https://en.wikipedia.org/wiki/Little_Cuckoo,,https://ebird.org/species/litcuc2,https://en.wikipedia.org/wiki/Little_Cuckoo,,needs_manual_review,no verified standard Chinese common name in supplied/wiki-derived sources
litnig1,Setopagis parvula,Little Nightjar,暫無標準中文名（Setopagis parvula）,Aves,https://en.wikipedia.org/wiki/Little_Nightjar,,https://ebird.org/species/litnig1,https://en.wikipedia.org/wiki/Little_Nightjar,,needs_manual_review,no verified standard Chinese common name in supplied/wiki-derived sources
mabpar,Pyrrhura frontalis,Maroon-bellied Parakeet,暫無標準中文名（Pyrrhura frontalis）,Aves,https://en.wikipedia.org/wiki/Maroon-bellied_Parakeet,,https://ebird.org/species/mabpar,https://en.wikipedia.org/wiki/Maroon-bellied_Parakeet,,needs_manual_review,no verified standard Chinese common name in supplied/wiki-derived sources
magant1,Cercomacra melanaria,Mato Grosso Antbird,暫無標準中文名（Cercomacra melanaria）,Aves,https://en.wikipedia.org/wiki/Mato_Grosso_Antbird,,https://ebird.org/species/magant1,https://en.wikipedia.org/wiki/Mato_Grosso_Antbird,,needs_manual_review,no verified standard Chinese common name in supplied/wiki-derived sources
magtan2,Cissopis leverianus,Magpie Tanager,鵲色唐納雀,Aves,https://en.wikipedia.org/wiki/Magpie_Tanager,https://zh.wikipedia.org/wiki/%E9%B5%B2%E8%89%B2%E5%94%90%E7%B4%8D%E9%9B%80,https://ebird.org/species/magtan2,https://en.wikipedia.org/wiki/Magpie_Tanager,https://zh.wikipedia.org/wiki/%E9%B5%B2%E8%89%B2%E5%94%90%E7%B4%8D%E9%9B%80,curated,chinese_name corrected from corrupted source text
masgna1,Polioptila dumicola,Masked Gnatcatcher,暫無標準中文名（Polioptila dumicola）,Aves,https://en.wikipedia.org/wiki/Masked_Gnatcatcher,,https://ebird.org/species/masgna1,https://en.wikipedia.org/wiki/Masked_Gnatcatcher,,needs_manual_review,no verified standard Chinese common name in supplied/wiki-derived sources
nacnig1,Chordeiles nacunda,Nacunda Nighthawk,暫無標準中文名（Chordeiles nacunda）,Aves,https://en.wikipedia.org/wiki/Nacunda_Nighthawk,,https://ebird.org/species/nacnig1,https://en.wikipedia.org/wiki/Nacunda_Nighthawk,,needs_manual_review,no verified standard Chinese common name in supplied/wiki-derived sources
ocecra1,Rufirallus schomburgkii,Ocellated Crake,暫無標準中文名（Rufirallus schomburgkii）,Aves,https://en.wikipedia.org/wiki/Ocellated_Crake,,https://ebird.org/species/ocecra1,https://en.wikipedia.org/wiki/Ocellated_Crake,,needs_manual_review,no verified standard Chinese common name in supplied/wiki-derived sources
oliwoo1,Sittasomus griseicapillus,Olivaceous Woodcreeper,暫無標準中文名（Sittasomus griseicapillus）,Aves,https://en.wikipedia.org/wiki/Olivaceous_Woodcreeper,,https://ebird.org/species/oliwoo1,https://en.wikipedia.org/wiki/Olivaceous_Woodcreeper,,needs_manual_review,no verified standard Chinese common name in supplied/wiki-derived sources
orbtro3,Icterus croconotus,Orange-backed Troupial,暫無標準中文名（Icterus croconotus）,Aves,https://en.wikipedia.org/wiki/Orange-backed_Troupial,,https://ebird.org/species/orbtro3,https://en.wikipedia.org/wiki/Orange-backed_Troupial,,needs_manual_review,no verified standard Chinese common name in supplied/wiki-derived sources
orwpar,Amazona amazonica,Orange-winged Amazon,橙翼亞馬遜鸚鵡,Aves,https://en.wikipedia.org/wiki/Orange-winged_Amazon,https://zh.wikipedia.org/wiki/%E6%A9%99%E7%BF%BC%E4%BA%9E%E9%A6%AC%E9%81%9C%E9%B8%9A%E9%B5%A1,https://ebird.org/species/orwpar,https://en.wikipedia.org/wiki/Orange-winged_Amazon,https://zh.wikipedia.org/wiki/%E6%A9%99%E7%BF%BC%E4%BA%9E%E9%A6%AC%E9%81%9C%E9%B8%9A%E9%B5%A1,curated,preserved from supplied data with URL/domain normalization
osprey,Pandion haliaetus,Osprey,鶚,Aves,https://en.wikipedia.org/wiki/Osprey,https://zh.wikipedia.org/wiki/%E9%B6%9A,https://ebird.org/species/osprey,https://en.wikipedia.org/wiki/Osprey,https://zh.wikipedia.org/wiki/%E9%B6%9A,curated,chinese_name corrected from corrupted source text
pabspi1,Synallaxis albescens,Pale-breasted Spinetail,暫無標準中文名（Synallaxis albescens）,Aves,https://en.wikipedia.org/wiki/Pale-breasted_Spinetail,,https://ebird.org/species/pabspi1,https://en.wikipedia.org/wiki/Pale-breasted_Spinetail,,needs_manual_review,no verified standard Chinese common name in supplied/wiki-derived sources
palhor3,Furnarius leucopus,Pale-legged Hornero,暫無標準中文名（Furnarius leucopus）,Aves,https://en.wikipedia.org/wiki/Pale-legged_Hornero,,https://ebird.org/species/palhor3,https://en.wikipedia.org/wiki/Pale-legged_Hornero,,needs_manual_review,no verified standard Chinese common name in supplied/wiki-derived sources
paltan1,Thraupis palmarum,Palm Tanager,棕櫚裸鼻雀,Aves,https://en.wikipedia.org/wiki/Palm_Tanager,https://zh.wikipedia.org/wiki/%E6%A3%95%E6%AB%9A%E8%A3%B8%E9%BC%BB%E9%9B%80,https://ebird.org/species/paltan1,https://en.wikipedia.org/wiki/Palm_Tanager,https://zh.wikipedia.org/wiki/%E6%A3%95%E6%AB%9A%E8%A3%B8%E9%BC%BB%E9%9B%80,curated,chinese_name corrected from corrupted source text
phecuc1,Dromococcyx phasianellus,Pheasant Cuckoo,暫無標準中文名（Dromococcyx phasianellus）,Aves,https://en.wikipedia.org/wiki/Pheasant_Cuckoo,,https://ebird.org/species/phecuc1,https://en.wikipedia.org/wiki/Pheasant_Cuckoo,,needs_manual_review,no verified standard Chinese common name in supplied/wiki-derived sources
picpig2,Patagioenas picazuro,Picazuro Pigeon,暫無標準中文名（Patagioenas picazuro）,Aves,https://en.wikipedia.org/wiki/Picazuro_Pigeon,,https://ebird.org/species/picpig2,https://en.wikipedia.org/wiki/Picazuro_Pigeon,,needs_manual_review,no verified standard Chinese common name in supplied/wiki-derived sources
pirfly1,Legatus leucophaius,Piratic Flycatcher,強霸鶲,Aves,https://en.wikipedia.org/wiki/Piratic_Flycatcher,https://zh.wikipedia.org/wiki/%E5%BC%B7%E9%9C%B8%E9%B6%B2,https://ebird.org/species/pirfly1,https://en.wikipedia.org/wiki/Piratic_Flycatcher,https://zh.wikipedia.org/wiki/%E5%BC%B7%E9%9C%B8%E9%B6%B2,curated,chinese_name corrected from corrupted source text
plasla1,Thamnophilus pelzelni,Planalto Slaty-Antshrike,暫無標準中文名（Thamnophilus pelzelni）,Aves,https://en.wikipedia.org/wiki/Planalto_Slaty-Antshrike,,https://ebird.org/species/plasla1,https://en.wikipedia.org/wiki/Planalto_Slaty-Antshrike,,needs_manual_review,no verified standard Chinese common name in supplied/wiki-derived sources
platyr1,Inezia inornata,Plain Tyrannulet,暫無標準中文名（Inezia inornata）,Aves,https://en.wikipedia.org/wiki/Plain_Tyrannulet,,https://ebird.org/species/platyr1,https://en.wikipedia.org/wiki/Plain_Tyrannulet,,needs_manual_review,no verified standard Chinese common name in supplied/wiki-derived sources
plcjay1,Cyanocorax chrysops,Plush-crested Jay,暫無標準中文名（Cyanocorax chrysops）,Aves,https://en.wikipedia.org/wiki/Plush-crested_Jay,,https://ebird.org/species/plcjay1,https://en.wikipedia.org/wiki/Plush-crested_Jay,,needs_manual_review,no verified standard Chinese common name in supplied/wiki-derived sources
pluibi1,Theristicus caerulescens,Plumbeous Ibis,暫無標準中文名（Theristicus caerulescens）,Aves,https://en.wikipedia.org/wiki/Plumbeous_Ibis,,https://ebird.org/species/pluibi1,https://en.wikipedia.org/wiki/Plumbeous_Ibis,,needs_manual_review,no verified standard Chinese common name in supplied/wiki-derived sources
purjay1,Cyanocorax cyanomelas,Purplish Jay,暫無標準中文名（Cyanocorax cyanomelas）,Aves,https://en.wikipedia.org/wiki/Purplish_Jay,,https://ebird.org/species/purjay1,https://en.wikipedia.org/wiki/Purplish_Jay,,needs_manual_review,no verified standard Chinese common name in supplied/wiki-derived sources
pvttyr1,Hemitriccus margaritaceiventer,Pearly-vented Tody-Tyrant,暫無標準中文名（Hemitriccus margaritaceiventer）,Aves,https://en.wikipedia.org/wiki/Pearly-vented_Tody-Tyrant,,https://ebird.org/species/pvttyr1,https://en.wikipedia.org/wiki/Pearly-vented_Tody-Tyrant,,needs_manual_review,no verified standard Chinese common name in supplied/wiki-derived sources
ragmac1,Ara chloropterus,Red-and-green Macaw,綠翅金剛鸚鵡,Aves,https://en.wikipedia.org/wiki/Red-and-green_Macaw,https://zh.wikipedia.org/wiki/%E7%B6%A0%E7%BF%85%E9%87%91%E5%89%9B%E9%B8%9A%E9%B5%A1,https://ebird.org/species/ragmac1,https://en.wikipedia.org/wiki/Red-and-green_Macaw,https://zh.wikipedia.org/wiki/%E7%B6%A0%E7%BF%85%E9%87%91%E5%89%9B%E9%B8%9A%E9%B5%A1,curated,chinese_name corrected from corrupted source text
rebscy1,Campylorhamphus trochilirostris,Red-billed Scythebill,暫無標準中文名（Campylorhamphus trochilirostris）,Aves,https://en.wikipedia.org/wiki/Red-billed_Scythebill,,https://ebird.org/species/rebscy1,https://en.wikipedia.org/wiki/Red-billed_Scythebill,,needs_manual_review,no verified standard Chinese common name in supplied/wiki-derived sources
recfin1,Coryphospingus cucullatus,Red-crested Finch,暫無標準中文名（Coryphospingus cucullatus）,Aves,https://en.wikipedia.org/wiki/Red-crested_Finch,,https://ebird.org/species/recfin1,https://en.wikipedia.org/wiki/Red-crested_Finch,,needs_manual_review,no verified standard Chinese common name in supplied/wiki-derived sources
redjun,Gallus gallus,Red Junglefowl,原雞,Aves,https://en.wikipedia.org/wiki/Red_Junglefowl,https://zh.wikipedia.org/wiki/%E5%8E%9F%E9%9B%9E,https://ebird.org/species/redjun,https://en.wikipedia.org/wiki/Red_Junglefowl,https://zh.wikipedia.org/wiki/%E5%8E%9F%E9%9B%9E,curated,preserved from supplied data with URL/domain normalization
relser1,Cariama cristata,Red-legged Seriema,暫無標準中文名（Cariama cristata）,Aves,https://en.wikipedia.org/wiki/Red-legged_Seriema,,https://ebird.org/species/relser1,https://en.wikipedia.org/wiki/Red-legged_Seriema,,needs_manual_review,no verified standard Chinese common name in supplied/wiki-derived sources
rinkin1,Megaceryle torquata,Ringed Kingfisher,暫無標準中文名（Megaceryle torquata）,Aves,https://en.wikipedia.org/wiki/Ringed_Kingfisher,,https://ebird.org/species/rinkin1,https://en.wikipedia.org/wiki/Ringed_Kingfisher,,needs_manual_review,no verified standard Chinese common name in supplied/wiki-derived sources
rivwar1,Myiothlypis rivularis,Riverbank Warbler,暫無標準中文名（Myiothlypis rivularis）,Aves,https://en.wikipedia.org/wiki/Riverbank_Warbler,,https://ebird.org/species/rivwar1,https://en.wikipedia.org/wiki/Riverbank_Warbler,,needs_manual_review,no verified standard Chinese common name in supplied/wiki-derived sources
roahaw,Rupornis magnirostris,Roadside Hawk,大嘴鵟,Aves,https://en.wikipedia.org/wiki/Roadside_Hawk,https://zh.wikipedia.org/wiki/%E5%A4%A7%E5%98%B4%E9%B5%9F,https://ebird.org/species/roahaw,https://en.wikipedia.org/wiki/Roadside_Hawk,https://zh.wikipedia.org/wiki/%E5%A4%A7%E5%98%B4%E9%B5%9F,curated,preserved from supplied data with URL/domain normalization
rubthr1,Turdus rufiventris,Rufous-bellied Thrush,暫無標準中文名（Turdus rufiventris）,Aves,https://en.wikipedia.org/wiki/Rufous-bellied_Thrush,,https://ebird.org/species/rubthr1,https://en.wikipedia.org/wiki/Rufous-bellied_Thrush,,needs_manual_review,no verified standard Chinese common name in supplied/wiki-derived sources
rufcac2,Pseudoseisura unirufa,Rufous Cacholote,暫無標準中文名（Pseudoseisura unirufa）,Aves,https://en.wikipedia.org/wiki/Rufous_Cacholote,,https://ebird.org/species/rufcac2,https://en.wikipedia.org/wiki/Rufous_Cacholote,,needs_manual_review,no verified standard Chinese common name in supplied/wiki-derived sources
rufcas2,Casiornis rufus,Rufous Casiornis,暫無標準中文名（Casiornis rufus）,Aves,https://en.wikipedia.org/wiki/Rufous_Casiornis,,https://ebird.org/species/rufcas2,https://en.wikipedia.org/wiki/Rufous_Casiornis,,needs_manual_review,no verified standard Chinese common name in supplied/wiki-derived sources
rufgna3,Conopophaga lineata,Rufous Gnateater,暫無標準中文名（Conopophaga lineata）,Aves,https://en.wikipedia.org/wiki/Rufous_Gnateater,,https://ebird.org/species/rufgna3,https://en.wikipedia.org/wiki/Rufous_Gnateater,,needs_manual_review,no verified standard Chinese common name in supplied/wiki-derived sources
rufhor2,Furnarius rufus,Rufous Hornero,暫無標準中文名（Furnarius rufus）,Aves,https://en.wikipedia.org/wiki/Rufous_Hornero,,https://ebird.org/species/rufhor2,https://en.wikipedia.org/wiki/Rufous_Hornero,,needs_manual_review,no verified standard Chinese common name in supplied/wiki-derived sources
rufnig1,Antrostomus rufus,Rufous Nightjar,暫無標準中文名（Antrostomus rufus）,Aves,https://en.wikipedia.org/wiki/Rufous_Nightjar,,https://ebird.org/species/rufnig1,https://en.wikipedia.org/wiki/Rufous_Nightjar,,needs_manual_review,no verified standard Chinese common name in supplied/wiki-derived sources
ruftho1,Phacellodomus rufifrons,Rufous-fronted Thornbird,暫無標準中文名（Phacellodomus rufifrons）,Aves,https://en.wikipedia.org/wiki/Rufous-fronted_Thornbird,,https://ebird.org/species/ruftho1,https://en.wikipedia.org/wiki/Rufous-fronted_Thornbird,,needs_manual_review,no verified standard Chinese common name in supplied/wiki-derived sources
ruftof1,Poecilotriccus latirostris,Rusty-fronted Tody-Flycatcher,暫無標準中文名（Poecilotriccus latirostris）,Aves,https://en.wikipedia.org/wiki/Rusty-fronted_Tody-Flycatcher,,https://ebird.org/species/ruftof1,https://en.wikipedia.org/wiki/Rusty-fronted_Tody-Flycatcher,,needs_manual_review,no verified standard Chinese common name in supplied/wiki-derived sources
rumfly1,Myiozetetes cayanensis,Rusty-margined Flycatcher,暫無標準中文名（Myiozetetes cayanensis）,Aves,https://en.wikipedia.org/wiki/Rusty-margined_Flycatcher,,https://ebird.org/species/rumfly1,https://en.wikipedia.org/wiki/Rusty-margined_Flycatcher,,needs_manual_review,no verified standard Chinese common name in supplied/wiki-derived sources
ruther1,Tigrisoma lineatum,Rufescent Tiger-Heron,暫無標準中文名（Tigrisoma lineatum）,Aves,https://en.wikipedia.org/wiki/Rufescent_Tiger-Heron,,https://ebird.org/species/ruther1,https://en.wikipedia.org/wiki/Rufescent_Tiger-Heron,,needs_manual_review,no verified standard Chinese common name in supplied/wiki-derived sources
rutjac1,Galbula ruficauda,Rufous-tailed Jacamar,棕尾鶲鴷,Aves,https://en.wikipedia.org/wiki/Rufous-tailed_Jacamar,https://zh.wikipedia.org/wiki/%E6%A3%95%E5%B0%BE%E9%B6%B2%E9%B4%B7,https://ebird.org/species/rutjac1,https://en.wikipedia.org/wiki/Rufous-tailed_Jacamar,https://zh.wikipedia.org/wiki/%E6%A3%95%E5%B0%BE%E9%B6%B2%E9%B4%B7,curated,preserved from supplied data with URL/domain normalization
sabspa1,Arremon flavirostris,Saffron-billed Sparrow,暫無標準中文名（Arremon flavirostris）,Aves,https://en.wikipedia.org/wiki/Saffron-billed_Sparrow,,https://ebird.org/species/sabspa1,https://en.wikipedia.org/wiki/Saffron-billed_Sparrow,,needs_manual_review,no verified standard Chinese common name in supplied/wiki-derived sources
saffin,Sicalis flaveola,Saffron Finch,桔黃雀鵐,Aves,https://en.wikipedia.org/wiki/Saffron_Finch,https://zh.wikipedia.org/wiki/%E6%A1%94%E9%BB%83%E9%9B%80%E9%B5%90,https://ebird.org/species/saffin,https://en.wikipedia.org/wiki/Saffron_Finch,https://zh.wikipedia.org/wiki/%E6%A1%94%E9%BB%83%E9%9B%80%E9%B5%90,curated,chinese_name corrected from corrupted source text
saytan1,Thraupis sayaca,Sayaca Tanager,暫無標準中文名（Thraupis sayaca）,Aves,https://en.wikipedia.org/wiki/Sayaca_Tanager,,https://ebird.org/species/saytan1,https://en.wikipedia.org/wiki/Sayaca_Tanager,,needs_manual_review,no verified standard Chinese common name in supplied/wiki-derived sources
scadov1,Columbina squammata,Scaled Dove,暫無標準中文名（Columbina squammata）,Aves,https://en.wikipedia.org/wiki/Scaled_Dove,,https://ebird.org/species/scadov1,https://en.wikipedia.org/wiki/Scaled_Dove,,needs_manual_review,no verified standard Chinese common name in supplied/wiki-derived sources
schpar1,Pionus maximiliani,Scaly-headed Parrot,暫無標準中文名（Pionus maximiliani）,Aves,https://en.wikipedia.org/wiki/Scaly-headed_Parrot,,https://ebird.org/species/schpar1,https://en.wikipedia.org/wiki/Scaly-headed_Parrot,,needs_manual_review,no verified standard Chinese common name in supplied/wiki-derived sources
scther1,Phaethornis eurynome,Scale-throated Hermit,暫無標準中文名（Phaethornis eurynome）,Aves,https://en.wikipedia.org/wiki/Scale-throated_Hermit,,https://ebird.org/species/scther1,https://en.wikipedia.org/wiki/Scale-throated_Hermit,,needs_manual_review,no verified standard Chinese common name in supplied/wiki-derived sources
shcfly1,Myiarchus ferox,Short-crested Flycatcher,暫無標準中文名（Myiarchus ferox）,Aves,https://en.wikipedia.org/wiki/Short-crested_Flycatcher,,https://ebird.org/species/shcfly1,https://en.wikipedia.org/wiki/Short-crested_Flycatcher,,needs_manual_review,no verified standard Chinese common name in supplied/wiki-derived sources
shshaw,Accipiter striatus,Sharp-shinned Hawk,暫無標準中文名（Accipiter striatus）,Aves,https://en.wikipedia.org/wiki/Sharp-shinned_Hawk,,https://ebird.org/species/shshaw,https://en.wikipedia.org/wiki/Sharp-shinned_Hawk,,needs_manual_review,no verified standard Chinese common name in supplied/wiki-derived sources
shtnig1,Lurocalis semitorquatus,Short-tailed Nighthawk,暫無標準中文名（Lurocalis semitorquatus）,Aves,https://en.wikipedia.org/wiki/Short-tailed_Nighthawk,,https://ebird.org/species/shtnig1,https://en.wikipedia.org/wiki/Short-tailed_Nighthawk,,needs_manual_review,no verified standard Chinese common name in supplied/wiki-derived sources
sibtan2,Ramphocelus carbo,Silver-beaked Tanager,暫無標準中文名（Ramphocelus carbo）,Aves,https://en.wikipedia.org/wiki/Silver-beaked_Tanager,,https://ebird.org/species/sibtan2,https://en.wikipedia.org/wiki/Silver-beaked_Tanager,,needs_manual_review,no verified standard Chinese common name in supplied/wiki-derived sources
smbani,Crotophaga ani,Smooth-billed Ani,滑嘴犀鵑,Aves,https://en.wikipedia.org/wiki/Smooth-billed_Ani,https://zh.wikipedia.org/wiki/%E6%BB%91%E5%98%B4%E7%8A%80%E9%B5%91,https://ebird.org/species/smbani,https://en.wikipedia.org/wiki/Smooth-billed_Ani,https://zh.wikipedia.org/wiki/%E6%BB%91%E5%98%B4%E7%8A%80%E9%B5%91,curated,preserved from supplied data with URL/domain normalization
smbtin1,Crypturellus parvirostris,Small-billed Tinamou,暫無標準中文名（Crypturellus parvirostris）,Aves,https://en.wikipedia.org/wiki/Small-billed_Tinamou,,https://ebird.org/species/smbtin1,https://en.wikipedia.org/wiki/Small-billed_Tinamou,,needs_manual_review,no verified standard Chinese common name in supplied/wiki-derived sources
sobcac1,Cacicus solitarius,Solitary Black Cacique,暫無標準中文名（Cacicus solitarius）,Aves,https://en.wikipedia.org/wiki/Solitary_Black_Cacique,,https://ebird.org/species/sobcac1,https://en.wikipedia.org/wiki/Solitary_Black_Cacique,,needs_manual_review,no verified standard Chinese common name in supplied/wiki-derived sources
sobtyr1,Camptostoma obsoletum,Southern Beardless-Tyrannulet,暫無標準中文名（Camptostoma obsoletum）,Aves,https://en.wikipedia.org/wiki/Southern_Beardless-Tyrannulet,,https://ebird.org/species/sobtyr1,https://en.wikipedia.org/wiki/Southern_Beardless-Tyrannulet,,needs_manual_review,no verified standard Chinese common name in supplied/wiki-derived sources
socfly1,Myiozetetes similis,Social Flycatcher,暫無標準中文名（Myiozetetes similis）,Aves,https://en.wikipedia.org/wiki/Social_Flycatcher,,https://ebird.org/species/socfly1,https://en.wikipedia.org/wiki/Social_Flycatcher,,needs_manual_review,no verified standard Chinese common name in supplied/wiki-derived sources
sofspi1,Synallaxis frontalis,Sooty-fronted Spinetail,暫無標準中文名（Synallaxis frontalis）,Aves,https://en.wikipedia.org/wiki/Sooty-fronted_Spinetail,,https://ebird.org/species/sofspi1,https://en.wikipedia.org/wiki/Sooty-fronted_Spinetail,,needs_manual_review,no verified standard Chinese common name in supplied/wiki-derived sources
souant1,Corythopis delalandi,Southern Antpipit,暫無標準中文名（Corythopis delalandi）,Aves,https://en.wikipedia.org/wiki/Southern_Antpipit,,https://ebird.org/species/souant1,https://en.wikipedia.org/wiki/Southern_Antpipit,,needs_manual_review,no verified standard Chinese common name in supplied/wiki-derived sources
soulap1,Vanellus chilensis,Southern Lapwing,鳳頭距翅麥雞,Aves,https://en.wikipedia.org/wiki/Southern_Lapwing,https://zh.wikipedia.org/wiki/%E9%B3%B3%E9%A0%AD%E8%B7%9D%E7%BF%85%E9%BA%A5%E9%9B%9E,https://ebird.org/species/soulap1,https://en.wikipedia.org/wiki/Southern_Lapwing,https://zh.wikipedia.org/wiki/%E9%B3%B3%E9%A0%AD%E8%B7%9D%E7%BF%85%E9%BA%A5%E9%9B%9E,curated,preserved from supplied data with URL/domain normalization
souscr1,Chauna torquata,Southern Screamer,冠叫鴨,Aves,https://en.wikipedia.org/wiki/Southern_Screamer,https://zh.wikipedia.org/wiki/%E5%86%A0%E5%8F%AB%E9%B4%A8,https://ebird.org/species/souscr1,https://en.wikipedia.org/wiki/Southern_Screamer,https://zh.wikipedia.org/wiki/%E5%86%A0%E5%8F%AB%E9%B4%A8,curated,chinese_name corrected from corrupted source text
spbant3,Hypoedaleus guttatus,Spot-backed Antshrike,暫無標準中文名（Hypoedaleus guttatus）,Aves,https://en.wikipedia.org/wiki/Spot-backed_Antshrike,,https://ebird.org/species/spbant3,https://en.wikipedia.org/wiki/Spot-backed_Antshrike,,needs_manual_review,no verified standard Chinese common name in supplied/wiki-derived sources
spispi1,Synallaxis spixi,Spix's Spinetail,暫無標準中文名（Synallaxis spixi）,Aves,https://en.wikipedia.org/wiki/Spix%27s_Spinetail,,https://ebird.org/species/spispi1,https://en.wikipedia.org/wiki/Spix%27s_Spinetail,,needs_manual_review,no verified standard Chinese common name in supplied/wiki-derived sources
sptnig1,Antiurus maculicaudus,Spot-tailed Nightjar,暫無標準中文名（Antiurus maculicaudus）,Aves,https://en.wikipedia.org/wiki/Spot-tailed_Nightjar,,https://ebird.org/species/sptnig1,https://en.wikipedia.org/wiki/Spot-tailed_Nightjar,,needs_manual_review,no verified standard Chinese common name in supplied/wiki-derived sources
squcuc1,Piaya cayana,Common Squirrel-Cuckoo,暫無標準中文名（Piaya cayana）,Aves,https://en.wikipedia.org/wiki/Common_Squirrel-Cuckoo,,https://ebird.org/species/squcuc1,https://en.wikipedia.org/wiki/Common_Squirrel-Cuckoo,,needs_manual_review,no verified standard Chinese common name in supplied/wiki-derived sources
stbwoo2,Dendroplex picus,Straight-billed Woodcreeper,暫無標準中文名（Dendroplex picus）,Aves,https://en.wikipedia.org/wiki/Straight-billed_Woodcreeper,,https://ebird.org/species/stbwoo2,https://en.wikipedia.org/wiki/Straight-billed_Woodcreeper,,needs_manual_review,no verified standard Chinese common name in supplied/wiki-derived sources
strcuc1,Tapera naevia,Striped Cuckoo,暫無標準中文名（Tapera naevia）,Aves,https://en.wikipedia.org/wiki/Striped_Cuckoo,,https://ebird.org/species/strcuc1,https://en.wikipedia.org/wiki/Striped_Cuckoo,,needs_manual_review,no verified standard Chinese common name in supplied/wiki-derived sources
strher2,Butorides striata,Striated Heron,綠鷺,Aves,https://en.wikipedia.org/wiki/Striated_Heron,https://zh.wikipedia.org/wiki/%E7%B6%A0%E9%B7%BA,https://ebird.org/species/strher2,https://en.wikipedia.org/wiki/Striated_Heron,https://zh.wikipedia.org/wiki/%E7%B6%A0%E9%B7%BA,curated,chinese_name corrected from corrupted source text
strowl1,Asio clamator,Striped Owl,暫無標準中文名（Asio clamator）,Aves,https://en.wikipedia.org/wiki/Striped_Owl,,https://ebird.org/species/strowl1,https://en.wikipedia.org/wiki/Striped_Owl,,needs_manual_review,no verified standard Chinese common name in supplied/wiki-derived sources
swthum1,Eupetomena macroura,Swallow-tailed Hummingbird,暫無標準中文名（Eupetomena macroura）,Aves,https://en.wikipedia.org/wiki/Swallow-tailed_Hummingbird,,https://ebird.org/species/swthum1,https://en.wikipedia.org/wiki/Swallow-tailed_Hummingbird,,needs_manual_review,no verified standard Chinese common name in supplied/wiki-derived sources
swtman1,Chiroxiphia caudata,Swallow-tailed Manakin,暫無標準中文名（Chiroxiphia caudata）,Aves,https://en.wikipedia.org/wiki/Swallow-tailed_Manakin,,https://ebird.org/species/swtman1,https://en.wikipedia.org/wiki/Swallow-tailed_Manakin,,needs_manual_review,no verified standard Chinese common name in supplied/wiki-derived sources
tattin1,Crypturellus tataupa,Tataupa Tinamou,暫無標準中文名（Crypturellus tataupa）,Aves,https://en.wikipedia.org/wiki/Tataupa_Tinamou,,https://ebird.org/species/tattin1,https://en.wikipedia.org/wiki/Tataupa_Tinamou,,needs_manual_review,no verified standard Chinese common name in supplied/wiki-derived sources
thlwre1,Campylorhynchus turdinus,Thrush-like Wren,暫無標準中文名（Campylorhynchus turdinus）,Aves,https://en.wikipedia.org/wiki/Thrush-like_Wren,,https://ebird.org/species/thlwre1,https://en.wikipedia.org/wiki/Thrush-like_Wren,,needs_manual_review,no verified standard Chinese common name in supplied/wiki-derived sources
toctou1,Ramphastos toco,Toco Toucan,大巨嘴鳥,Aves,https://en.wikipedia.org/wiki/Toco_Toucan,https://zh.wikipedia.org/wiki/%E5%A4%A7%E5%B7%A8%E5%98%B4%E9%B3%A5,https://ebird.org/species/toctou1,https://en.wikipedia.org/wiki/Toco_Toucan,https://zh.wikipedia.org/wiki/%E5%A4%A7%E5%B7%A8%E5%98%B4%E9%B3%A5,curated,preserved from supplied data with URL/domain normalization
trokin,Tyrannus melancholicus,Tropical Kingbird,暫無標準中文名（Tyrannus melancholicus）,Aves,https://en.wikipedia.org/wiki/Tropical_Kingbird,,https://ebird.org/species/trokin,https://en.wikipedia.org/wiki/Tropical_Kingbird,,needs_manual_review,no verified standard Chinese common name in supplied/wiki-derived sources
trsowl,Megascops choliba,Tropical Screech-Owl,暫無標準中文名（Megascops choliba）,Aves,https://en.wikipedia.org/wiki/Tropical_Screech-Owl,,https://ebird.org/species/trsowl,https://en.wikipedia.org/wiki/Tropical_Screech-Owl,,needs_manual_review,no verified standard Chinese common name in supplied/wiki-derived sources
undtin1,Crypturellus undulatus,Undulated Tinamou,暫無標準中文名（Crypturellus undulatus）,Aves,https://en.wikipedia.org/wiki/Undulated_Tinamou,,https://ebird.org/species/undtin1,https://en.wikipedia.org/wiki/Undulated_Tinamou,,needs_manual_review,no verified standard Chinese common name in supplied/wiki-derived sources
varant1,Thamnophilus caerulescens,Variable Antshrike,暫無標準中文名（Thamnophilus caerulescens）,Aves,https://en.wikipedia.org/wiki/Variable_Antshrike,,https://ebird.org/species/varant1,https://en.wikipedia.org/wiki/Variable_Antshrike,,needs_manual_review,no verified standard Chinese common name in supplied/wiki-derived sources
watjac1,Jacana jacana,Wattled Jacana,暫無標準中文名（Jacana jacana）,Aves,https://en.wikipedia.org/wiki/Wattled_Jacana,,https://ebird.org/species/watjac1,https://en.wikipedia.org/wiki/Wattled_Jacana,,needs_manual_review,no verified standard Chinese common name in supplied/wiki-derived sources
wesfie1,Pyriglena maura,Western Fire-eye,暫無標準中文名（Pyriglena maura）,Aves,https://en.wikipedia.org/wiki/Western_Fire-eye,,https://ebird.org/species/wesfie1,https://en.wikipedia.org/wiki/Western_Fire-eye,,needs_manual_review,no verified standard Chinese common name in supplied/wiki-derived sources
wfwduc1,Dendrocygna viduata,White-faced Whistling-Duck,暫無標準中文名（Dendrocygna viduata）,Aves,https://en.wikipedia.org/wiki/White-faced_Whistling-Duck,,https://ebird.org/species/wfwduc1,https://en.wikipedia.org/wiki/White-faced_Whistling-Duck,,needs_manual_review,no verified standard Chinese common name in supplied/wiki-derived sources
whbant2,Biatas nigropectus,White-bearded Antshrike,暫無標準中文名（Biatas nigropectus）,Aves,https://en.wikipedia.org/wiki/White-bearded_Antshrike,,https://ebird.org/species/whbant2,https://en.wikipedia.org/wiki/White-bearded_Antshrike,,needs_manual_review,no verified standard Chinese common name in supplied/wiki-derived sources
whbwar2,Myiothlypis leucoblephara,White-browed Warbler,暫無標準中文名（Myiothlypis leucoblephara）,Aves,https://en.wikipedia.org/wiki/White-browed_Warbler,,https://ebird.org/species/whbwar2,https://en.wikipedia.org/wiki/White-browed_Warbler,,needs_manual_review,no verified standard Chinese common name in supplied/wiki-derived sources
whiwoo1,Melanerpes candidus,White Woodpecker,白啄木,Aves,https://en.wikipedia.org/wiki/White_Woodpecker,https://zh.wikipedia.org/wiki/%E7%99%BD%E5%95%84%E6%9C%A8,https://ebird.org/species/whiwoo1,https://en.wikipedia.org/wiki/White_Woodpecker,https://zh.wikipedia.org/wiki/%E7%99%BD%E5%95%84%E6%9C%A8,curated,preserved from supplied data with URL/domain normalization
whlspi1,Synallaxis albilora,White-lored Spinetail,暫無標準中文名（Synallaxis albilora）,Aves,https://en.wikipedia.org/wiki/White-lored_Spinetail,,https://ebird.org/species/whlspi1,https://en.wikipedia.org/wiki/White-lored_Spinetail,,needs_manual_review,no verified standard Chinese common name in supplied/wiki-derived sources
whnjay1,Cyanocorax cyanopogon,White-naped Jay,暫無標準中文名（Cyanocorax cyanopogon）,Aves,https://en.wikipedia.org/wiki/White-naped_Jay,,https://ebird.org/species/whnjay1,https://en.wikipedia.org/wiki/White-naped_Jay,,needs_manual_review,no verified standard Chinese common name in supplied/wiki-derived sources
whtdov,Leptotila verreauxi,White-tipped Dove,暫無標準中文名（Leptotila verreauxi）,Aves,https://en.wikipedia.org/wiki/White-tipped_Dove,,https://ebird.org/species/whtdov,https://en.wikipedia.org/wiki/White-tipped_Dove,,needs_manual_review,no verified standard Chinese common name in supplied/wiki-derived sources
whwpic1,Picumnus albosquamatus,White-wedged Piculet,暫無標準中文名（Picumnus albosquamatus）,Aves,https://en.wikipedia.org/wiki/White-wedged_Piculet,,https://ebird.org/species/whwpic1,https://en.wikipedia.org/wiki/White-wedged_Piculet,,needs_manual_review,no verified standard Chinese common name in supplied/wiki-derived sources
y00678,Caracara plancus,Crested Caracara,鳳頭卡拉鷹,Aves,https://en.wikipedia.org/wiki/Crested_Caracara,https://zh.wikipedia.org/wiki/%E9%B3%B3%E9%A0%AD%E5%8D%A1%E6%8B%89%E9%B7%B9,https://ebird.org/species/y00678,https://en.wikipedia.org/wiki/Crested_Caracara,https://zh.wikipedia.org/wiki/%E9%B3%B3%E9%A0%AD%E5%8D%A1%E6%8B%89%E9%B7%B9,curated,preserved from supplied data with URL/domain normalization
yebcar,Paroaria capitata,Yellow-billed Cardinal,黃嘴蠟嘴鵐,Aves,https://en.wikipedia.org/wiki/Yellow-billed_Cardinal,https://zh.wikipedia.org/wiki/%E9%BB%83%E5%98%B4%E8%A0%9F%E5%98%B4%E9%B5%90,https://ebird.org/species/yebcar,https://en.wikipedia.org/wiki/Yellow-billed_Cardinal,https://zh.wikipedia.org/wiki/%E9%BB%83%E5%98%B4%E8%A0%9F%E5%98%B4%E9%B5%90,curated,chinese_name corrected from corrupted source text
yebela1,Elaenia flavogaster,Yellow-bellied Elaenia,暫無標準中文名（Elaenia flavogaster）,Aves,https://en.wikipedia.org/wiki/Yellow-bellied_Elaenia,,https://ebird.org/species/yebela1,https://en.wikipedia.org/wiki/Yellow-bellied_Elaenia,,needs_manual_review,no verified standard Chinese common name in supplied/wiki-derived sources
yecmac,Primolius auricollis,Yellow-collared Macaw,暫無標準中文名（Primolius auricollis）,Aves,https://en.wikipedia.org/wiki/Yellow-collared_Macaw,,https://ebird.org/species/yecmac,https://en.wikipedia.org/wiki/Yellow-collared_Macaw,,needs_manual_review,no verified standard Chinese common name in supplied/wiki-derived sources
yecpar,Brotogeris chiriri,Yellow-chevroned Parakeet,暫無標準中文名（Brotogeris chiriri）,Aves,https://en.wikipedia.org/wiki/Yellow-chevroned_Parakeet,,https://ebird.org/species/yecpar,https://en.wikipedia.org/wiki/Yellow-chevroned_Parakeet,,needs_manual_review,no verified standard Chinese common name in supplied/wiki-derived sources
yehcar1,Daptrius chimachima,Yellow-headed Caracara,暫無標準中文名（Daptrius chimachima）,Aves,https://en.wikipedia.org/wiki/Yellow-headed_Caracara,,https://ebird.org/species/yehcar1,https://en.wikipedia.org/wiki/Yellow-headed_Caracara,,needs_manual_review,no verified standard Chinese common name in supplied/wiki-derived sources
yeofly1,Tolmomyias sulphurescens,Yellow-olive Flatbill,暫無標準中文名（Tolmomyias sulphurescens）,Aves,https://en.wikipedia.org/wiki/Yellow-olive_Flatbill,,https://ebird.org/species/yeofly1,https://en.wikipedia.org/wiki/Yellow-olive_Flatbill,,needs_manual_review,no verified standard Chinese common name in supplied/wiki-derived sources
